Epochs,Normal Epoch Times,PAI Epoch Times
0,139.78833484649658,
1,316.6789448261261,
2,555.58056807518,
