Param Counts,Max Valid Scores,Max Test Scores
23522375,77.9986962190352,77.9986962190352
47018197,81.1929595827901,81.1929595827901
70593720,82.59452411994785,82.59452411994785
