Param Counts,Max Valid Scores,Max Test Scores
23522375,85.88657105606258,85.88657105606258
47018197,85.98435462842242,85.98435462842242
