Epochs,Normal Epoch Times,PAI Epoch Times
0,815.4988310337067,
1,762.1870970726013,
2,804.4248070716858,
3,775.1959407329559,
4,765.9045820236206,
5,796.2976830005646,
6,753.5156033039093,
7,776.6825549602509,
8,764.0949409008026,
9,760.9822309017181,
10,762.3162977695465,
11,770.9343101978302,
12,786.0796160697937,
13,1557.3665301799774,
14,1933.6084880828857,
