Param Counts,Max Valid Scores,Max Test Scores
63799765,0.1508606642023046,0.1508606642023046
63812590,0.14522766068168697,0.14522766068168697
63825420,0.13964442176277064,0.13964442176277064
63838260,0.12455906008512506,0.12455906008512506
63851110,0.1239525594662862,0.1239525594662862
