Param Counts,Max Valid Scores,Max Test Scores
63799765,0.1508606642023046,0.1508606642023046
63812590,0.14602198563584856,0.14602198563584856
