Param Counts,Max Valid Scores,Max Test Scores
63799765,0.1508606642023046,0.1508606642023046
63812590,0.14522766068168697,0.14522766068168697
63825420,0.1474301087469535,0.1474301087469535
