Param Counts,Max Valid Scores,Max Test Scores
422728,67.24137931034483,67.24137931034483
845112,35.3448275862069,35.3448275862069
