Param Counts,Max Valid Scores,Max Test Scores
422728,66.66666666666667,66.66666666666667
