Param Counts,Max Valid Scores,Max Test Scores
422728,66.66666666666667,66.66666666666667
845112,73.16017316017316,73.16017316017316
1269344,35.064935064935064,35.064935064935064
