Param Counts,Max Valid Scores,Max Test Scores
422728,61.206896551724135,61.206896551724135
845112,20.689655172413794,20.689655172413794
