Param Counts,Max Valid Scores,Max Test Scores
422728,66.66666666666667,66.66666666666667
845112,53.67965367965368,53.67965367965368
