Param Counts,Max Valid Scores,Max Test Scores
422728,66.66666666666667,66.66666666666667
845112,73.16017316017316,73.16017316017316
1269344,73.5930735930736,73.5930735930736
1694808,43.722943722943725,43.722943722943725
