Param Counts,Max Valid Scores,Max Test Scores
422728,67.24137931034483,67.24137931034483
845112,46.55172413793103,46.55172413793103
