Param Counts,Max Valid Scores,Max Test Scores
422728,61.206896551724135,61.206896551724135
845112,29.310344827586206,29.310344827586206
