Param Counts,Max Valid Scores,Max Test Scores
422728,67.24137931034483,67.24137931034483
845112,37.06896551724138,37.06896551724138
