Param Counts,Max Valid Scores,Max Test Scores
422728,61.206896551724135,61.206896551724135
845112,57.758620689655174,57.758620689655174
