Epochs,Normal Epoch Times,PAI Epoch Times
0,73.01470303535461,
1,42.933430910110474,
2,43.184348344802856,
3,43.154160261154175,
4,43.27507472038269,
5,43.17922282218933,
6,43.24518322944641,
7,43.27011322975159,
8,43.370898723602295,
9,43.33703660964966,
10,43.27173566818237,
11,43.21018409729004,
12,43.2385687828064,
13,43.28251004219055,
14,43.437628984451294,
