Param Counts,Max Valid Scores,Max Test Scores
1887445,0.32517486810684204,0.32517486810684204
