Param Counts,Max Valid Scores,Max Test Scores
1887445,0.32517486810684204,0.32517486810684204
3459565,0.32974767684936523,0.32974767684936523
5034625,0.34140992164611816,0.34140992164611816
