Param Counts,Max Valid Scores,Max Test Scores
4748837,0.22753176093101501,0.22753176093101501
