Param Counts,Max Valid Scores,Max Test Scores
4748837,0.22753176093101501,0.22753176093101501
8718045,0.28758156299591064,0.28758156299591064
12691873,0.35926008224487305,0.35926008224487305
