{"_wandb":{"runtime":4442},"Final Param Count":422728,"Arch Max Val":0,"Arch Max Train":0,"_timestamp":1.7675764885560215e+09,"Param Count":422728,"TrainAcc":67.47104247104247,"Final Max Val":61.206896551724135,"Arch Param Count":0,"ValAcc":53.44827586206897,"Final Dendrite Count":0,"_step":91,"_runtime":4442,"Dendrite Count":0,"Final Max Train":58.68725868725869,"Arch Dendrite Count":0}