{"Arch Param Count":1269344,"_step":405,"ValAcc":31.16883116883117,"Arch Max Train":93.81107491856677,"_runtime":41280,"Param Count":1694808,"Dendrite Count":3,"Arch Max Val":73.5930735930736,"_timestamp":1.7676980830128286e+09,"_wandb":{"runtime":41280},"Arch Dendrite Count":2,"TrainAcc":87.62214983713355}